{
    "type": "minecraft:block",
    "pools": [
      {
        "rolls": 1,
        "entries": [
          {
            "type": "minecraft:alternatives",
            "children": [
              {
                "type": "minecraft:alternatives",
                "children": [
                    {
                        "type": "minecraft:item",
                        "conditions": [
                          {
                            "condition": "minecraft:match_tool",
                            "predicate": {
                              "enchantments": [
                                {
                                  "enchantment": "minecraft:silk_touch",
                                  "levels": {
                                    "min": 1
                                  }
                                }
                              ]
                            }
                          }
                        ],
                        "functions": [
                            {
                                "function": "minecraft:set_nbt",
                                "tag": "{BlockStateTag:{type:\"double\"},enderground:{id:\"ender_iron_ore\"}}"
                            },
                            {
                                "function": "minecraft:set_name",
                                "entity": "this",
                                "name": {
                                    "translate": "block.enderground.ender_iron_ore",
                                    "color": "white",
                                    "italic": false
                                }
                            }
                        ],
                        "name": "minecraft:petrified_oak_slab"
                      },
                      {
                        "type": "minecraft:item",
                        "functions": [
                          {
                            "function": "minecraft:set_count",
                            "count": {
                              "type": "minecraft:uniform",
                              "min": 2.0,
                              "max": 6.0
                            },
                            "add": false
                          },
                          {
                            "function": "minecraft:apply_bonus",
                            "enchantment": "minecraft:fortune",
                            "formula": "minecraft:ore_drops"
                          },
                          {
                            "function": "minecraft:explosion_decay"
                          }
                        ],
                        "name": "minecraft:iron_nugget"
                      }
                ],
                "conditions": [
                  {
                    "condition": "minecraft:block_state_property",
                    "block": "minecraft:petrified_oak_slab",
                    "properties": {
                      "type": "double"
                    }
                  }
                ]
              },
              {
                "type": "minecraft:item",
                "name": "minecraft:petrified_oak_slab",
                "functions": [
                  {
                    "function": "minecraft:explosion_decay"
                  }
                ]
              }
            ]
          }
        ]
      }
    ]
  }