{
    "parent": "minecraft:recipes/root",
    "rewards": {
      "recipes": [
        "enderground:iron_ingot_from_smelting_ender_iron_ore"
      ]
    },
    "criteria": {
      "has_ender_iron_ore": {
        "trigger": "minecraft:inventory_changed",
        "conditions": {
          "items": [
            {
              "nbt": "{enderground:{id:\"ender_iron_ore\"}}"
            }
          ]
        }
      },
      "has_the_recipe": {
        "trigger": "minecraft:recipe_unlocked",
        "conditions": {
          "recipe": "enderground:iron_ingot_from_smelting_ender_iron_ore"
        }
      }
    },
    "requirements": [
      [
        "has_ender_iron_ore",
        "has_the_recipe"
      ]
    ]
  }