{
    "feature": "enderground:gap",
    "placement": [
      {
        "count": 13,
        "type": "minecraft:count"
      },
      {
        "type": "minecraft:in_square"
      },
      {
        "height": {
          "min_inclusive": {
            "above_bottom": 1
          },
          "max_inclusive": {
            "below_top": 70
          },
          "type": "minecraft:uniform"
        },
        "type": "minecraft:height_range"
      },
      {
        "type": "minecraft:biome"
      }
    ]
  }