{
    "feature": "enderground:ore_iron_end",
    "placement": [
      {
        "count": 60,
        "type": "minecraft:count"
      },
      {
        "type": "minecraft:in_square"
      },
      {
        "height": {
          "min_inclusive": {
            "above_bottom": 1
          },
          "max_inclusive": {
            "below_top": 10
          },
          "type": "minecraft:uniform"
        },
        "type": "minecraft:height_range"
      },
      {
        "type": "minecraft:biome"
      }
    ]
  }