{
    "name": "enderground:the_cube",
    "fallback": "minecraft:empty",
    "elements": [
      {
        "weight": 1,
        "element": {
          "element_type": "minecraft:single_pool_element",
          "location": "enderground:the_cube/1",
          "projection": "rigid",
          "processors": "minecraft:empty"
        }
      },
      {
        "weight": 1,
        "element": {
          "element_type": "minecraft:single_pool_element",
          "location": "enderground:the_cube/2",
          "projection": "rigid",
          "processors": "minecraft:empty"
        }
      },
      {
        "weight": 1,
        "element": {
          "element_type": "minecraft:single_pool_element",
          "location": "enderground:the_cube/3",
          "projection": "rigid",
          "processors": "minecraft:empty"
        }
      },
      {
        "weight": 1,
        "element": {
          "element_type": "minecraft:single_pool_element",
          "location": "enderground:the_cube/4",
          "projection": "rigid",
          "processors": "minecraft:empty"
        }
      }
    ]
  }