{
    "type": "minecraft:bastion_remnant",
    "config": {
      "start_pool": "enderground:the_cube",
      "size": 1
    },
    "biomes": "#enderground:has_structure/the_cube",
    "adapt_noise": true,
    "spawn_overrides": {
        "monster": {
          "bounding_box": "full",
          "spawns": [
            {
              "type": "minecraft:endermite",
              "weight": 1,
              "minCount": 1,
              "maxCount": 10
            }
          ]
        }
      }
  }